{
  "logo": {
    "image": {
      "src": "http://localhost:3000/logo.svg",
      "fallback": "http://localhost:3000/logo.svg",
      "type": "image/svg",
      "alt": "Logo Header"
    }    
  },
  "logoFooter": {
    "image": {
      "src": "http://localhost:3000/logo-white.svg",
      "fallback": "http://localhost:3000/logo-white.svg",
      "type": "image/svg",
      "alt": "Logo Footer"
    }    
  },
  "headerContacts": {
    "feedback": [
      {
        "name": "0638972647",
        "url": "tel:0638972647",
        "image": {
          "src": "http://localhost:3000/icon-phone.svg",
          "fallback": "http://localhost:3000/icon-phone.svg",
          "type": "image/svg",
          "alt": "phone number"
        },    
        "id": "idHeaderIcon1"
      },
      {
        "name": "Kalashnikov.Dmytro@gmail.com",
        "url": "mailto:Kalashnikov.Dmytro@gmail.com",
        "image": {
          "src": "http://localhost:3000/icon-email.svg",
          "fallback": "http://localhost:3000/icon-email.svg",
          "type": "image/svg",
          "alt": "email"
        },    
        "id": "idHeaderIcon2"
      }
    ],
    "socialMedia": [
      {
        "name": "Linkedin",
        "url": "https://www.linkedin.com/in/dmytro-kalashnikov-879500155/",
        "image": {
          "src": "http://localhost:3000/icon-linkedin.svg",
          "fallback": "http://localhost:3000/icon-linkedin.svg",
          "type": "image/svg",
          "alt": "linkedin"
        },  
        "id": "linkedinIcon1"
      }
    ]
  },
  "sectionMenu": {
    "links": [
      {
        "name": "About me",
        "url": "#aboutme",
        "id": "idAbout"
      },
      {
        "name": "Skills",
        "url": "#skills",
        "id": "idSkills"
      },
      {
        "name": "Certification",
        "url": "#certificates",
        "id": "idCertification"
      },
      {
        "name": "Work History",
        "url": "#workhistory",
        "id": "idWork"
      },
      {
        "name": "Education",
        "url": "#education",
        "id": "idEducation"
      },
      {
        "name": "Feedback",
        "url": "#feedback",
        "id": "idContacts"
      }
    ]
  },
  "sectionsOrder": [
    "sectionCertificates",
    "workHistory",
    "education",
    "feedback",
    "sectionAboutMe",
    "sectionSkills"    
  ],

  "sectionAboutMe": {
    "sectionName": "AboutMe",
    "title": "About Me",
    "titleDescription": "",
    "description": "Web developer with 15 years of experience, with experience in working in a large team. He took part in projects as a developer and chief front end developer, as well as Project Manager in some of them, organizing the workflow and control. Responsible for the development process, quality control, code optimization and improving the SEO performance of projects. I speak Ukrainian and Russian fluently, basic conversations are English.",
    "image":  {
      "src": "http://localhost:3000/avatar.webp",
      "fallback": "http://localhost:3000/avatar.jpg",
      "alt": "AboutMe"
    }, 
    "id": "aboutme",
    "position": 0,
    "contacts": {
      "title": "Contact details",
      "feedback": [
        {
          "name": "+33365486218",
          "url": "/",
          "image": {
            "src": "http://localhost:3000/icon-phone-orange.svg",
            "fallback": "http://localhost:3000/icon-phone-orange.svg",
            "type": "image/svg",
            "alt": "phone number"
          },  
          "id": "idHeaderIcon1"
        },
        {
          "name": "Kalashnikov.Dmytro@gmail.com",
          "url": "/",
          "image": {
            "src": "http://localhost:3000/icon-email-orange.svg",
            "fallback": "http://localhost:3000/icon-email-orange.svg",
            "type": "image/svg",
            "alt": "email"
          },  
          "id": "idHeaderIcon2"
        }
      ],
      "socialMedia": [
        {
          "name": "Linkedin",
          "url": "https://www.linkedin.com/in/dmytro-kalashnikov-879500155/",
          "image": {
            "src": "http://localhost:3000/icon-linkedin.svg",
            "fallback": "http://localhost:3000/icon-linkedin.svg",
            "type": "image/svg",
            "alt": "linkedin"
          },  
          "id": "linkedinIcon1"
        }
      ]
    }
  },

  "sectionSkills": {
    "sectionName": "Skills",
    "title": "Skills",
    "titleDescription": "",
    "description": "",
    "image": {
      "src": "http://localhost:3000/skill-section.webp",
      "fallback": "http://localhost:3000/skill-section.jpg",
      "alt": "Skills"
    },  
    "id": "skills",
    "position": 1,
    "skillsList":[
      {
        "skill": "HTML5",
        "image": {
          "src": "http://localhost:3000/icon-html5.webp",
          "fallback": "http://localhost:3000/icon-html5.png",
          "alt": "HTML5"
        },  
        "url" : "https://www.w3schools.com/html/",
        "id": "skillIdItem1"
      },
      {
        "skill":  "CSS3",
        "image": {
          "src": "http://localhost:3000/icon-css3.webp",
          "fallback": "http://localhost:3000/icon-css3.png",
          "alt": "CSS3"
        },  
        "url" : "https://www.w3schools.com/css/",
        "id": "skillIdItem2"
      },
      {
        "skill": "Javascript",
        "image": {
          "src": "http://localhost:3000/icon-js.webp",
          "fallback": "http://localhost:3000/icon-js.png",
          "alt": "Javascript"
        }, 
        "url" : "https://developer.mozilla.org/en-US/docs/Web/JavaScript",
        "id": "skillIdItem3" 
      },
      {
        "skill": "React",
        "image": {
          "src": "http://localhost:3000/icon-react.webp",
          "fallback": "http://localhost:3000/icon-react.png",
          "alt": "React"
        }, 
        "url" : "https://react.dev/",
        "id": "skillIdItem4" 
      },
      {
        "skill": "Jquery",
        "image": {
          "src": "http://localhost:3000/icon-jquery-v2.webp",
          "fallback": "http://localhost:3000/icon-jquery-v2.png",
          "alt": "Jquery"
        }, 
        "url" : "https://jquery.com/",
        "id": "skillIdItem5" 
      },
      {
        "skill": "Git" ,
        "image": {
          "src": "http://localhost:3000/icon-git.webp",
          "fallback": "http://localhost:3000/icon-git.png",
          "alt": "Git"
        }, 
        "url" : "https://git-scm.com/",
        "id": "skillIdItem6"
      },
      {
        "skill": "Webpack",
        "image": {
          "src": "http://localhost:3000/icon-webpack.webp",
          "fallback": "http://localhost:3000/icon-webpack.png",
          "alt": "Webpack"
        },
        "url" : "https://webpack.js.org/",
        "id": "skillIdItem7" 
      },
      {
        "skill": "Gulp",
        "image": {
          "src": "http://localhost:3000/icon-gulp.webp",
          "fallback": "http://localhost:3000/icon-gulp.png",
          "alt": "Gulp"
        },
        "url" : "https://gulpjs.com/",
        "id": "skillIdItem8" 
      },
      {
        "skill": "Sass",
        "image": {
          "src": "http://localhost:3000/icon-sass.webp",
          "fallback": "http://localhost:3000/icon-sass.png",
          "alt": "Sass"
        },
        "url" : "https://sass-lang.com/",
        "id": "skillIdItem9" 
      },
      {
        "skill": "Less",
        "image": {
          "src": "http://localhost:3000/icon-less.webp",
          "fallback": "http://localhost:3000/icon-less.png",
          "alt": "Less"
        },
        "url" : "https://lesscss.org/",
        "id": "skillIdItem10" 
      },
      {
        "skill": "Bootstrap",
        "image": {
          "src": "http://localhost:3000/icon-bootstrap.webp",
          "fallback": "http://localhost:3000/icon-bootstrap.png",
          "alt": "Bootstrap"
        },
        "url" : "https://getbootstrap.com/",
        "id": "skillIdItem11"
      },
      {
        "skill": "PhotoShop",
        "image": {
          "src": "http://localhost:3000/icon-ps.webp",
          "fallback": "http://localhost:3000/icon-ps.png",
          "alt": "PhotoShop"
        },
        "url" : "https://www.adobe.com/products/photoshop.html",
        "id": "skillIdItem12" 
      },
      {
        "skill": "Mustache",
        "image": {
          "src": "http://localhost:3000/icon-mustache.webp",
          "fallback": "http://localhost:3000/icon-mustache.png",
          "alt": "Mustache"
        },
        "url" : "https://mustache.github.io/",
        "id": "skillIdItem13" 
      },
      {
        "skill": "JSON",
        "image": {
          "src": "http://localhost:3000/icon-json.webp",
          "fallback": "http://localhost:3000/icon-json.png",
          "alt": "JSON"
        },
        "url" : "https://www.json.org/json-en.html",
        "id": "skillIdItem14" 
      }
    ]
  },
  "sectionCertificates": {
    "sectionName": "Certificates",
    "title": "Certificates",
    "titleDescription": "",
    "description": "",
    "image": {
      "src": "http://localhost:3000/iskill-section.webp",
      "fallback": "http://localhost:3000/skill-section.png",
      "alt": "Certificates"
    },
    "id": "certificates",
    "position": 2,
    "certificatesList":[
      {
        "cert": "React Basics",
        "image": {
          "src": "http://localhost:3000/certificate-react-basic.webp",
          "fallback": "http://localhost:3000/certificate-react-basic.png",
          "alt": "React Basics"
        },  
        "url" : "https://coursera.org/share/b345210347afc863023363615a492ecf",
        "id": "certIdItem1"
      },
      {
        "cert": "Programming with JavaScript",
        "image": {
          "src": "http://localhost:3000/certificate-js.webp",
          "fallback": "http://localhost:3000/certificate-js.png",
          "alt": "Programming with JavaScript"
        },
        "url" : "https://coursera.org/share/2d066cdb2e18b5c39a5a06bce51bd846",
        "id": "certIdItem2"
      },
      {
        "cert": "Version Control",
        "image": {
          "src": "http://localhost:3000/certificate-version-control.webp",
          "fallback": "http://localhost:3000/certificate-version-control.png",
          "alt": "Version Control"
        },
        "url" : "https://coursera.org/share/5fa72aed08ead888957da3fd8353a57a",
        "id": "certIdItem3"
      },
      {
        "cert": "HTML and CSS in depth",
        "image": {
          "src": "http://localhost:3000/certificate-html-css.webp",
          "fallback": "http://localhost:3000/certificate-html-css.png",
          "alt": "HTML and CSS in depth"
        },
        "url" : "https://coursera.org/share/62bf1ef35e2f0e342fbe30b9f6b30744",
        "id": "certIdItem4"
      }
    ]
  },

  "workHistory": {
    "sectionName": "Work Experience",
    "title": "Work Experience",
    "titleDescription": "",
    "description": "<h4>Clickio: 2019-2022</h4>\r\n\r\n                            <p>I worked at Clickio as a Front-End Developer. In this company, I was part of the team and worked closely with the backend developers.</p>\r\n\r\n                            <p>The main task was to create a fast loading progressive web application https://clickio.com/prism/</p>\r\n\r\n                            <p>I developed widget templates on the Mustache engine (https://mustache.github.io), but as the project grew beyond the startup, we moved to self-written extensible templates using <strong>Golang</strong>.</p>\r\n\r\n                            <p>I have created many components that extend the basic functionality of the application. Among the most significant components were the Slider, Lightbox, the Subscribe form, as well as the implementation and processing of third-party scripts.</p>\r\n\r\n                            <p>I have also been heavily involved in JavaScript/CSS/HTML optimization to improve <strong>Web Vitals like CLS, FID, LCP</strong> using Google Chrome authoring tools. It's a requirement</p>\r\n\r\n   <h4>Self-employment period: 2007-2019</h4>\r\n\r\n                            <p>Since 2007, I have mastered HTML/CSS on my own and started freelancing. Over the years, I have participated in over 1000 projects, constantly improving my skills in this area.</p>\r\n\r\n                            <p>My work included both small projects and the creation of large portals, where I acted as a leading specialist. I have collaborated with companies such as openstart, first-top, adlabs.</p>\r\n\r\n                            <p>My main task and responsibility was layout according to PSD/Figma layouts, as well as animations, mostly using CSS and sometimes JavaScript.</p>\r\n\r\n                            <p>In addition, I was actively involved in finding and eliminating errors, as well as quality control of the work of other employees.</p>\r\n\r\n                            <p>I worked in accordance with the <strong>BEM methodology</strong> (Block, Element, Modifier) - an approach to developing web interfaces that Yandex Technologies uses in their work.</p>\r\n\r\n                            <p>An important aspect of my work was the optimization of HTML / CSS and JS in order to improve performance in the PageSpeed Insights tool.</p>",
    "image": {
      "src": "http://localhost:3000/work-exp.webp",
      "fallback": "http://localhost:3000/work-exp.png",
      "alt": "Work Experience"
    },
    "id": "workhistory",
    "position": 3     
  },

  "education": {
    "sectionName": "Education",
    "title": "Education",
    "titleDescription": "",
    "id": "education",
    "position": 4,  
    "stagesList": [
      {
        "name": "Secondary School",
        "period": "1994 — 2004",
        "description" : "",
        "id": "stegesItem1"
      },
      {
        "name": "Severodonetsk Technological Institute of the East Ukrainian National University. Vladimir Dahl.",
        "period": "2004 — 2009",
        "description" : "Severodonetsk Technological Institute of the East Ukrainian National University, Vladimir Dahl 2004 — 2009 </br> Major: Chemical Enterprise Economics</br>Severodonetsk, Ukraine </br></br> I pursued my higher education at the Severodonetsk Technological Institute of the East Ukrainian National University, specializing in Chemical Enterprise Economics. This program spanned five years, from 2004 to 2009, and provided me with a comprehensive understanding of the economic aspects within the chemical industry.",
        "id": "stegesItem2"
      }
    ],
    "image": {
      "src": "http://localhost:3000/education.webp",
      "fallback": "http://localhost:3000/education.png",
      "alt": "Education"
    }  
  },
  
  "feedback": {
    "sectionName": "Feedback",
    "title": "Feedback",
    "titleDescription": "",
    "id": "feedback",
    "position": 5, 
    "feedbackList": [
      {
        "label": "Your name",
        "fieldName": "firstName",
        "type": "text",
        "value": "",
        "placeholder": "first Name",
        "errorText" : "",
        "required": true,
        "id": "formitem1"
      },
      {
        "label": "Last Name",
        "fieldName": "lastName",
        "type": "text",
        "value": "",
        "placeholder": "Last Name",
        "errorText" : "",
        "required": false,
        "id": "formitem2"
      },
      {
        "label": "Email",
        "fieldName": "email",
        "type": "email",
        "value": "",
        "placeholder": "Email",
        "errorText" : "",
        "required": true,
        "id": "formitem3"
      },
      {
        "label": "Message",
        "fieldName": "textarea",
        "type" : "textarea",
        "value": "",
        "placeholder": "Here your text",
        "errorText" : "",
        "required": true,
        "id": "formitem4"
      }
    ]
  },

  "copyrights": "©Dmytro Kalashnikov"
}